DataSet,Actual_init, Actual_lam, Fit_init, Fit_lam
HypotheticalLD1,1,-5e-06,1.0,-5.0000000000000004e-06
HypotheticalLD2,1,-5e-06,1.0000177817601064,-4.9997133043934991e-06
HypotheticalLD3,1,-5e-06,0.99915992685655763,-4.9942555646077359e-06
BinLD1,1,-5e-06,1.0,-5.0000000000000004e-06
BinLD2,1,-5e-06,1.0005639772454926,-5.0020383546934732e-06
BinLD3,1,-5e-06,1.0028295749642,-5.0069497743756225e-06
